Item,Category,Qty_2425,Revenue_2425,Qty_2526,Revenue_2526,Growth_pct,ABC_Class,Forecast_Next_Month
Mobile Holder %18 %,Other,113,433326.75,825.0,9379710.1,2064.58,A,12.3
Blue Bird Stabilizer 4KVA-150V,Stabilizers,86,243135.71,109.0,299661.0,23.25,A,9.3
BBT-201 ANDROID PLAYER 2/35GB,Car Audio,30,139830.6,1.0,4661.02,-96.67,A,3.3
CP PLUS 2.4MP HD D/L AUD BULLET CAMERA,CCTV & Security,91,103559.45,106.0,118338.8,14.27,A,7.6
RD 1Door Central Lock Sys Flip Key C,Other,45,99661.03,42.0,92542.38,-7.14,A,3.8
"Pioneer 6"" Speaker 350W TS-1602IN",Car Audio,47,84406.74,430.0,748250.17,786.48,A,3.9
2MP IP Dual Light Audio Dome Hik,Other,30,83898.3,36.0,95084.7,13.33,A,2.5
4TB Survelliance HDD Purple WD,Other,7,80847.48,20.0,195254.23,141.51,A,0.6
WD 6TB SURVELLIANCE HDD PURPLE,Other,5,80125.42,,,,A,0.4
MAXXLINK 2+32 LIVERPOOL ANDROID,Car Audio,13,77118.6,6.0,36271.17,-52.97,A,1.1
Blue Bird Stabilizer 5KVA-150V,Stabilizers,23,74406.73,40.0,128406.67,72.57,A,
AUTO CRANK ANDROID PLAYER 4+64,Car Audio,13,71610.11,67.0,309440.79,332.12,A,
My Tvs Hyper Beam H4/H19 200W LED BULB,Other,22,70847.48,46.0,150000.03,111.72,A,
1TB SGT VIDEO HDD 2YR,Other,16,70357.62,170.0,634711.03,802.12,A,
Maxxlink R8 Led Bulb H7 180W,Other,20,67796.6,15.0,57457.64,-15.25,A,
2TB Survelliance HDD Purple WD,Other,8,60593.24,23.0,133209.29,119.84,A,
Blaupunkt Android Set Palm Bay (2+32),Car Audio,5,56779.67,19.0,211016.97,271.64,A,
Hikvision 64GB Micro Sd Card,CCTV & Security,55,56652.53,247.0,179165.67,216.25,A,
CP PLUS 2.4MP HD D/L AUD DOME CAMERA,CCTV & Security,50,56165.02,130.0,139131.23,147.72,A,
Blue Bird Stabilizer 4KVA-130V,Stabilizers,14,53220.39,7.0,26694.93,-49.84,A,
RD 4Door Central Lock Sys Flip Key G,Other,20,51271.24,30.0,76652.62,49.5,A,
PRAMA 2MP IP STQC BULLET CAMERA,CCTV & Security,20,50847.4,3.0,8008.48,-84.25,A,
RD FP TM01 NEXON FOG LAMP,Car Accessories,32,48813.44,53.0,78728.76,61.29,A,
"Pioneer 6"" Component Spk 390W",Car Audio,17,48220.33,77.0,209872.89,335.24,A,
500GB SGT VIDEO HDD 2YR,Other,23,46525.44,100.0,152941.55,228.73,A,
Baleno 2015-2022 Life Long Mate GFX,Car Accessories,21,44661.0,33.0,68984.26,54.46,A,
HIKVISION CAT-6 305MTR,CCTV & Security,1460,43880.5,305.0,9046.3,-79.38,A,
2TB HDD SGT VIDEO 2YR,Other,7,43135.58,51.0,258162.6,498.49,A,
WD PURPLE PRO 8TB WITH 7200 RPM,Other,2,41600.0,,,,A,
EXOTIC Slf Matt Pvc Floor Baleno/Glanza-16 BK(M),Car Accessories,29,41400.05,109.0,137372.53,231.82,A,
"Sony 6"" SPK W/O Grill 260W",Car Audio,20,38983.0,59.0,98323.66,152.22,A,
Auto Crank Android CAPAA 4+64 With Fan Mansor,Car Audio,6,38135.58,14.0,86864.38,127.78,A,
Maxxlink R8 Led Bulb 9012 180W,Other,11,37288.13,20.0,74576.3,100.0,A,
Block Buster Car Camera 720P AHD,CCTV & Security,53,35932.41,11.0,6822.0,-81.01,A,
RD 1Door Central Lock Sys Sada,Other,17,34067.86,36.0,72161.15,111.82,A,
2MP C/VU+Mic Bullet Camera Hik,CCTV & Security,20,33898.4,4.0,5847.46,-82.75,A,
D-Link CAT6 UTP CABLE 305MTR,Networking,1085,31038.2,11887.5,303154.92,876.72,A,
My Tvs Led Bulb H8 152W,Other,14,31016.95,34.0,73979.66,138.51,A,
HYP-LASVEGAS 300 CPAA 1K,Other,3,29661.02,2.0,21186.44,-28.57,A,
2MP IP Dual Light Audio Bullet Hik,Other,10,29661.0,13.0,30593.22,3.14,A,
EXOTIC Slf Matt Pvc Floor Ertiga-18-25 BLK (B),Car Accessories,16,29533.91,52.0,92076.35,211.76,A,
CP Plus 8CH DVR 2MP,CCTV & Security,9,29491.53,41.0,127542.43,332.47,A,
Maxxlink R8 Led Bulb H4 180W,Other,8,29152.52,15.0,58260.98,99.85,A,
TP-LINK 32CH NVR 4032H,CCTV & Security,2,27966.11,,,,A,
"ML 9"" 4+64 MADRID MAXXLINK PLAYER",Car Audio,3,27966.09,,,,A,
"JBL 400W 6.5"" SPK STAGE I 62F",Car Audio,14,26864.43,7.0,13728.8,-48.9,A,
4G Wifi Device 3 Antena Hi Focus,Other,21,26694.99,1.0,1271.19,-95.24,A,
FABRIC CURTAINS SunBan,Other,71,25380.68,517.0,157474.17,520.45,A,
My Tvs Tyre Inflator Anlog Heavy Duty,Other,15,25127.12,33.0,52839.04,110.29,A,
CP PLUS 8CH Power Supply,CCTV & Security,47,25127.08,156.0,85084.6,238.62,A,
VDP IP Hikvision KIS603-P,CCTV & Security,2,24576.28,2.0,23728.82,-3.45,A,
EXOTIC Slf Matt Pvc Floor Nexon-23 BLK (M),Car Accessories,18,24366.09,123.0,159236.94,553.52,A,
CP PLUS 16CH Power Supply,CCTV & Security,25,24364.5,35.0,34279.78,40.7,A,
Lumax Fog Lamp Wire H8 Relay With OE SWTCH,Car Accessories,53,24237.26,141.0,72415.16,198.78,A,
CP PLUS EZYKAM 3MP STQC WIFI PT CAMERA P34Q,CCTV & Security,14,23728.88,9.0,13813.57,-41.79,A,
CP Plus 4CH DVR 2MP,CCTV & Security,10,23559.31,39.0,81567.78,246.22,A,
My Tvs Air Champ Tyre Inflator,Other,23,22330.55,73.0,70212.05,214.42,A,
KINGSTON 110 2+64 ANDROID PLAYER,Car Audio,2,22033.9,,,,A,
CP PLUS 2MP IP STQC D/L BULLET,CCTV & Security,9,21906.77,26.0,62796.5,186.65,A,
Baleno 2022/ Fronx Wind Visor SL Galio,Car Accessories,25,21444.95,122.0,91192.57,325.24,A,
WOSCHER CORDLESS TYRE INFLATOR IX,Other,12,21355.92,3.0,5338.98,-75.0,A,
CP PLUS EZYKAM 4MP STQC WIFI C/VU OUTDOOR PT CAM,CCTV & Security,8,21101.67,15.0,38305.05,81.53,A,
"Nippon 6"" Speaker NFC-1601 200W",Car Audio,26,20804.97,181.0,141936.73,582.23,A,
Grand Vitara/Urban Cruiser/Hyryder Lifelongmate GFX,Car Accessories,9,20440.71,24.0,52194.49,155.35,A,
64GB Micro SDXC Card CP PLUS,CCTV & Security,30,20339.1,110.0,48957.62,140.71,A,
Hikvision 8CH DVR 5MP REG.,CCTV & Security,4,20339.0,22.0,111440.77,447.92,A,
"MAXXLINK ML 7022 HEAD REST SCREEN 10""",Other,2,20338.98,,,,A,
CP PLUS 4MP IP STQC D/L BULLET,CCTV & Security,5,19491.55,32.0,104025.4,433.69,A,
EXOTIC Slf Matt Pvc Floor Grand Vitara-22 BLK (M),Car Accessories,14,19366.11,36.0,44830.39,131.49,A,
VDP KIS205T HIKVISION,CCTV & Security,4,18644.08,5.0,24067.79,29.09,A,
SKYVISION BULLET CAMERA B4860M8L,CCTV & Security,1,18644.07,,,,A,
"JBL 6.5"" Component Spk Int S2604CFHI",Car Audio,5,18644.05,4.0,14915.24,-20.0,A,
ZDRIVE CAR STEERING WHEEL COVER,Other,43,18643.22,129.0,51737.63,177.51,A,
EXOTIC Slf Matt Pvc Floor Punch-21 BK(M),Car Accessories,13,18264.42,66.0,86440.5,373.27,A,
2MP Bullet+Mic Dual Light 3.6MM HIK,Other,14,17796.66,197.0,270032.28,1417.32,A,
Ertiga 2018 Life Long Mate GFX,Car Accessories,6,17750.0,6.0,18609.65,4.84,A,
EXOTIC slf matt Pvc Floor Brezza-22 BK(M),Car Accessories,13,17416.94,68.0,83898.07,381.7,A,
CP PLUS EZYKAM STQC 2MP WIFI PT CAM,CCTV & Security,12,17330.53,5.0,6949.14,-59.9,A,
Toreto Juke Box with Karoke Mic BT Spk,Other,10,16949.2,1.0,1864.41,-89.0,A,
EONSECURE CAT-6 COPPER CABLE 24AWG 305MTR,Networking,2,16949.16,,,,A,
Maxxlink R8 Led Bulb HB3/9005 180W,Other,5,16949.15,10.0,34745.76,105.0,A,
Ahuja PA400S Mobile PA Amplifiers,Other,5,16779.66,22.0,69491.46,314.14,A,
CP PLUS 2MP IP STQC D/L DOME,CCTV & Security,7,16737.27,44.0,104406.72,523.8,A,
16CH DVR 2MP Upto 5MP CP PLUS,CCTV & Security,2,16525.43,2.0,14830.5,-10.26,A,
"INFINITY ALPHA 6"" SPK 6520F",Other,10,16186.43,68.0,111059.33,586.13,A,
Ertiga 2018 Side Cladding GFX,Other,8,15864.4,1.0,1984.38,-87.49,A,
RD Fog Lamp Tata Punch 05,Car Accessories,12,15847.48,32.0,22584.81,42.51,A,
Aura Door Visor SL Galio,Car Accessories,16,15635.63,47.0,37138.52,137.52,A,
HDD Surveillance 1TB Seagate,Other,3,15254.25,3.0,11228.8,-26.39,A,
My Tvs Hyper Beam 9012/HB12 200W Led Bulb,Other,5,15254.25,5.0,15593.23,2.22,A,
PRAMA 4MP IP STQC BULLET CAMERA,CCTV & Security,4,15254.24,,,,A,
"Pioneer 6"" Speaker 300W 1620S",Car Audio,10,15254.2,154.0,236979.19,1453.53,A,
Fronx Compact Combo Kit GFX,Other,10,15148.3,14.0,24776.66,63.56,A,
JBL 1500W Base Tube GTX-1500THI,Car Audio,2,14915.26,4.0,28813.56,93.18,A,
Toreto Party Speaker Dual-UP 220W,Car Audio,1,14830.51,,,,A,
RD 4Door Central Lock Sys Sada,Other,6,14576.25,6.0,14406.76,-1.16,B,
Baleno 2022 Compact Combo Kit GFX,Other,5,14491.54,9.0,23912.63,65.01,B,
3K Dome Audio Dual Light Camera HIK,CCTV & Security,9,14491.53,143.0,222711.69,1436.84,B,
Blue Bird Stablizer 0.5 KVA-150V,Other,11,14237.32,,,,B,
"Maxxlink 9"" Classic Edition Player",Car Audio,3,13983.06,54.0,219406.87,1469.09,B,
2MP Bullet Camera Dahua 3.6mm,CCTV & Security,15,13983.0,,,,B,
BILL COUNTER - BM 106,Other,3,13898.31,7.0,32457.64,133.54,B,
Vista Aura Spray Hanging 30ML MIX Flavour,Other,50,13559.5,1.0,271.19,-98.0,B,
CP PLUS EZYKAM 3MP STQC WIFI PT CAMERA E38Q,CCTV & Security,8,13559.36,2.0,3135.6,-76.88,B,
Maxxlink R8 Led Bulb H8 180W,Other,4,13559.32,5.0,17457.63,28.75,B,
Tata Punch Life Long Mate GFX,Car Accessories,6,13491.54,23.0,52103.57,286.19,B,
CP PLUS EZYKAM 4MP STQC WIFI C/VU PT CAMERA Z45Q,CCTV & Security,5,13474.57,5.0,13050.85,-3.14,B,
EXOTIC Slf Matt Pvc Floor Aura/Nios/Exter BLK (S),Car Accessories,9,12881.37,47.0,60084.87,366.45,B,
NFS Spectra Led Bulb 260W H4/19,Other,3,12881.36,18.0,80847.46,527.63,B,
2MP HD Dome Aud Camera Dahua,CCTV & Security,15,12711.9,2.0,1652.54,-87.0,B,
RD Fog Lamp Swift 2024 FLAMS01,Car Accessories,12,12288.14,2.0,2161.01,-82.41,B,
Portronics Car Power Retracto 84W Car Charger,Other,17,12245.78,3.0,2118.65,-82.7,B,
CP PLUS 8CH NVR 108F1,CCTV & Security,3,12203.4,15.0,54237.27,344.44,B,
Swift 2024 Window Garnish GFX,Other,21,12076.25,10.0,5569.06,-53.88,B,
PVC BOX 5X5 CCTV,CCTV & Security,268,12054.21,1287.0,53081.88,340.36,B,
EXOTIC SLF MAT PVC FLOOR THAR ROXX (M),Car Accessories,9,12033.88,1.0,1101.69,-90.85,B,
2MP Dome+Mic Dual Light 3.6MM HIK,Other,10,11864.4,237.0,303404.7,2457.27,B,
TORETO PROJECTOR PRISMO,Other,2,11864.4,3.0,16101.7,35.71,B,
EXOTIC Slf Matt Pvc Floor Wagnor-19 BK(S),Car Accessories,9,11808.49,43.0,52881.47,347.83,B,
"UNPLUG BLOCKBUSTER 9"" Android 1/32",Car Audio,3,11440.68,1.0,3813.56,-66.67,B,
CP Plus 3MP P/T Wifi Camera,CCTV & Security,5,11355.92,15.0,23474.63,106.72,B,
TP-LINK POE SWITCH 8+2 LS110P,Networking,6,11186.46,38.0,71610.27,540.15,B,
RD Negative Door Lock Flip Key (NG),Other,5,11059.32,1.0,2161.02,-80.46,B,
ERTIGA 2025 WIND VISOR SL GALIO,Car Accessories,10,10966.08,23.0,19004.25,73.3,B,
"HYP-8"" Active Bass Tube",Other,4,10762.7,1.0,2542.37,-76.38,B,
Ahuja PA Horn Speaker SUH15,Car Audio,9,10762.7,11.0,13305.09,23.62,B,
Hikvision 4CH DVR 2MP REG.,CCTV & Security,3,10677.96,18.0,60847.45,469.84,B,
CP Plus 3+1 CCTV Wire,CCTV & Security,810,10508.5,4371.0,52683.53,401.34,B,
"INTEX LED MONITOR 22"" HDMI",Other,4,10338.97,,,,B,
Blue Bird Stabilizer 4KVA-150V HLC,Stabilizers,3,10325.42,5.0,15508.47,50.2,B,
EXOTIC Slf Matt Pvc Floor Scorpio 17-21 BLK (B),Car Accessories,6,10296.6,22.0,37457.64,263.79,B,
1TB Survelliance HDD Purple WD,Other,2,10169.5,8.0,29152.54,186.67,B,
Hikvision 8CH DVR 2MP ECO,CCTV & Security,3,10169.49,27.0,89576.26,780.83,B,
Toreto Car Charger Turbo Lite 51W,Other,22,10127.08,179.0,89982.93,788.54,B,
Amazon Fire Tv Stick,Other,4,9915.26,12.0,27881.36,181.2,B,
INTEX CCTV CABLE 3+1 90MTR,CCTV & Security,9,9745.76,5.0,4703.39,-51.74,B,
Hikvision 4CH DVR 2MP ECO,CCTV & Security,4,9661.01,21.0,48983.04,407.02,B,
"INTEX LED MONITOR 18.5"" INCH",Other,5,9576.28,11.0,19449.16,103.1,B,
2MP HD Bullet Aud Camera Dahua,CCTV & Security,10,9322.0,3.0,2796.6,-70.0,B,
CP PLUS 4CH Power Supply,CCTV & Security,24,9195.01,207.0,83587.59,809.05,B,
CP PLUS EZYKAM 3MP 4G CAMERA P/T 360,CCTV & Security,3,9152.55,1.0,3050.85,-66.67,B,
Woscher Tyre Inflator DB 678S,Other,6,9110.15,,,,B,
Tata Punch Wind Visor SL Galio,Car Accessories,10,9080.49,46.0,45956.53,406.1,B,
4G Router Real Time W8 Plus,Networking,5,9067.79,,,,B,
EXOTIC Slf Matt Pvc Floor Sonet-20 BK(M),Car Accessories,7,9027.11,29.0,36355.84,302.74,B,
My TVS 3 IN 1 Vacuum Cleaner & Tyre Inflator,Other,5,9025.42,10.0,17796.6,97.18,B,
Blue Bird Stabilizer 5KVA-130V,Stabilizers,2,8983.06,2.0,8644.06,-3.77,B,
Wagnor 2019 Onward Life Long Mate GFX,Car Accessories,4,8915.26,14.0,36273.6,306.87,B,
HONEY WELL CAT-6 SOLID CABLE 305MTR,Networking,1,8898.31,,,,B,
Nexon-2020 Life Long Mate GFX,Car Accessories,4,8847.46,29.0,71856.74,712.17,B,
My Tvs MP3 Player TMP-54,Car Audio,8,8813.52,14.0,15255.88,73.1,B,
EXOTIC Slf Matt Pvc Floor Creta-20 BLK (M),Car Accessories,7,8772.87,31.0,38474.47,338.56,B,
Auto Crank AHD Camera,CCTV & Security,13,8644.1,25.0,17686.49,104.61,B,
Maxxlink Android Single Knob Discovery 2/64,Car Audio,1,8644.07,,,,B,
64GB Sandisk Ultra Flair USB 3.0 (150Mbps),Other,15,8517.0,2.0,847.46,-90.05,B,
3K Bullet Audio Dual Light Camera HIK,CCTV & Security,5,8474.6,147.0,237161.11,2698.49,B,
"HYP-MONACO 500 CPAA 1.5K 9.21""",Other,1,8474.58,,,,B,
BLAUPUNKT LED 12X PRO HP-H4/H19 (180W),Other,2,8474.57,3.0,14745.75,74.0,B,
INFINITY ALPHA 603F COAXIAL (N),Other,4,8474.56,,,,B,
Toreto Dash Pro T-C Data Cable 100W,Other,54,8237.16,19.0,2898.26,-64.81,B,
Wagnor 2019 Roof Rail Galio,Other,7,8161.02,2.0,2394.07,-70.66,B,
3TB HDD SGT VIDEO 2YR,Other,1,8050.85,8.0,36949.16,358.95,B,
IP Fingerprint Reader AIFACE1500 (SC-S-B253CB),Other,1,7627.12,,,,B,
Blue Bird Stabilizer 4KVA-100V HLC,Stabilizers,1,7627.12,,,,B,
RD Dash Camera 3 WAY DC-07S,CCTV & Security,1,7627.12,6.0,45466.1,496.11,B,
"ZEB. PROJECTOR SCREEN MANUAL 84"" 6X4",Other,3,7627.11,,,,B,
Tekba Led Wall Mount T121,Other,50,7627.0,,,,B,
RD Dash Camera DC-04,CCTV & Security,1,7457.63,1.0,7796.61,4.55,B,
BILL COUNTER BM-200 SILVER,Other,1,7203.39,,,,B,
Nexon Wind Visor SL Galio,Car Accessories,8,7152.52,83.0,66061.0,823.6,B,
MAXX LINK HORN ML825,Other,10,7118.66,26.0,18135.66,154.76,B,
NFS ORCA 180W H4 LED HEADLAMPS,Other,2,7118.64,1.0,3728.81,-47.62,B,
EXOTIC Slf Matt Pvc Floor Bolero Neo BLK (B),Car Accessories,4,6949.15,2.0,3728.82,-46.34,B,
Sonet Onward Life Long Mate GFX,Car Accessories,3,6864.42,12.0,25639.31,273.51,B,
Brezza 2022 Wind Visor SL,Car Accessories,8,6783.91,44.0,35443.79,422.47,B,
3K C/VU Bullet Camera Hik 3.6MM,CCTV & Security,4,6779.68,42.0,85254.2,1157.5,B,
"LED TV 32"" SMART",Other,1,6779.66,3.0,20338.98,200.0,B,
EZVIZ WIFI 4MP CS-C6 2K+,Other,2,6779.66,,,,B,
Blockbuster 220W CAR LED BULB 9005/HB3,Other,2,6779.66,10.0,31864.39,370.0,B,
EXOTIC slf matt Pvc Floor Swift 2018 BK(S),Car Accessories,5,6779.66,49.0,57711.94,751.25,B,
CP PLUS 4CH DVR 5MP,CCTV & Security,2,6779.66,7.0,22288.14,228.75,B,
Brezza 2022 Life Long Mate GFX,Car Accessories,3,6711.87,14.0,29789.5,343.83,B,
SCORPIO-N DELTA TOWEL COVER MIX COLOUR,Other,2,6514.28,,,,B,
Lumax Fog Lamp Swift 2018 WT BLB,Car Accessories,13,6440.66,90.0,41949.0,551.32,B,
Tekba Led Wall Mount T112,Other,50,6356.0,,,,B,
TP-LINK POE SWITCH 4+2 LS106LP,Networking,5,6355.95,10.0,12711.9,100.0,B,
"HYP-10"" Active Bass Tube",Other,2,6355.93,6.0,18135.58,185.33,B,
Hikvision Attendance Machine DS-K1A8503M,CCTV & Security,2,6271.18,5.0,15762.7,151.35,B,
Brezza 2022 Roof Rail Galio,Other,4,5991.52,35.0,46374.47,674.0,B,
XUV-300 BLACK REAR SMART SAFETY GUARD,Car Accessories,2,5932.2,,,,B,
MY TVS 2+64GB ANDROID PLAYER WITH TS9,Car Audio,1,5932.2,1.0,5508.47,-7.14,B,
CRYSTA BLACK REAR GUARD GALIO,Car Accessories,2,5932.2,,,,B,
8CH E DVR ECO HIKVISION,CCTV & Security,1,5932.2,1.0,4067.8,-31.43,B,
SONET BLACK REAR GUARD GALIO,Car Accessories,2,5932.2,,,,B,
Air Pro Sphere Mix Flavour Perfume,Other,23,5889.89,35.0,8932.3,51.65,B,
RD Negative Door Lock Sys 425 (N),Other,3,5847.45,4.0,7923.74,35.51,B,
Sonet Wind Visor SL Galio,Car Accessories,7,5813.58,14.0,11287.07,94.15,B,
16CH DVR DAHUA XVR4B16,CCTV & Security,1,5762.71,2.0,10508.48,82.35,B,
Tata Punch Roof Rail Galio,Other,5,5724.58,35.0,38984.79,581.01,B,
Tenda Router AC5 1200MBPS,Networking,4,5635.6,10.0,13601.68,141.35,B,
5MP Dome Camera CP Plus 3.6mm,CCTV & Security,4,5593.22,,,,B,
D-LINK 24PORT 100/1000 GIGA DESKTOP SWITCH,Networking,1,5508.47,,,,B,
16CH DVR 2MP CP PLUS,CCTV & Security,1,5508.47,15.0,77711.89,1310.77,B,
My Tvs 2 Channel Apmlifire,Other,2,5508.47,1.0,2881.36,-47.69,B,
PRAMA 16CH NVR Q1,CCTV & Security,1,5508.47,,,,B,
"Nippon 4"" Speaker NFC-1401",Car Audio,8,5254.23,66.0,40465.99,670.16,B,
My Tvs H8 Led Bulb 150 Watt,Other,2,5200.0,1.0,2203.39,-57.63,B,
Innova Hycross Life Long Mate GFX,Car Accessories,1,5084.75,1.0,3937.5,-22.56,B,
"ZEBION LED 24"" CRISTA CURVED",Other,1,5084.75,,,,B,
Baleno Oem Armrest,Other,2,5084.74,2.0,3389.83,-33.33,B,
SECUREYE 4G LITE ROUTER,Networking,4,5042.38,3.0,3813.57,-24.37,B,
Ahuja Amplifier DPA370 USB /BT 30W,Other,1,5042.37,,,,B,
Wagnor 2019 Wind Visor SL Galio,Car Accessories,6,4970.35,31.0,22317.63,349.02,B,
"Police Light 14"" Grey 14""",Other,1,4915.25,,,,B,
Tenda Router N301 300MBPS,Networking,6,4788.11,21.0,15999.96,234.16,B,
Prevento M/F Pillpow-Neck&Back Rest Combo (BK),Other,4,4761.9,,,,B,
CP PLUS 4CH DVR 2MP 2WAY,CCTV & Security,2,4745.76,,,,B,
CP Plus 08CH DVR 5MP,CCTV & Security,1,4661.02,7.0,33813.56,625.45,B,
RD Dash Cam F/R DC-02,Other,1,4661.02,,,,B,
TP-LINK VIGI 4MP 4G LTE P/T C/VU CAMERA,CCTV & Security,1,4661.02,8.0,36694.93,687.27,B,
HYP-GAMA LITE DUAL CH DASH CAM,Other,1,4661.02,,,,B,
"INTEX LED MONITOR 24"" INCH",Other,1,4661.02,,,,B,
"Police Light 12"" Grey B/R",Other,1,4661.02,,,,B,
Seltos 2023 Life Long Mate GFX,Car Accessories,2,4576.28,11.0,19362.19,323.1,B,
SELTOS 2026 LIFE LONG MATE GFX,Car Accessories,2,4576.28,2.0,3701.69,-19.11,B,
THAR 2025 LIFE LONG MATE GFX,Car Accessories,2,4576.28,,,,B,
TIGOR 16-20 Life Long Mate GFX,Car Accessories,2,4576.28,,,,B,
Venue 2022 Life Long Mats GFX,Car Accessories,2,4576.28,11.0,22868.93,399.73,B,
Swift 2018 Life Long Mate GFX,Car Accessories,2,4576.28,24.0,50135.49,995.55,B,
Altroz Life Long Mate GFX,Car Accessories,2,4576.28,1.0,2288.14,-50.0,B,
EXOTIC slf matt Pvc Floor Scorpio N-22 BK(B),Car Accessories,3,4576.27,37.0,58855.93,1186.11,B,
EXOTIC Slf Matt Pvc Floor Crysta/Fortuner-17 BLK(B),Car Accessories,3,4576.27,10.0,17966.12,292.59,B,
Kia Carens Combo Kit GFX,Other,1,4453.13,,,,B,
My Tvs Led Bulb H7 152 Watt,Other,2,4406.78,37.0,80396.62,1724.38,B,
My Tvs Led Bulb HB3/9005 152Watt,Other,2,4406.78,2.0,4406.78,0.0,B,
LENOVO Bumper Round Camera AHD,CCTV & Security,4,4406.76,4.0,4406.76,0.0,B,
5MP HD D/L Aud Dome CP Plus,CCTV & Security,3,4322.04,33.0,48644.12,1025.49,B,
EXOTIC Slf Matt Pvc Floor Dzire-17 Beige (S),Car Accessories,3,4322.04,12.0,15084.78,249.02,C,
EXOTIC slf matt Pvc Floor SELTOS 2026 BLK (M),Car Accessories,3,4281.36,5.0,5762.69,34.6,C,
Tekba Set Top Box Shelf T107,Other,50,4237.5,,,,C,
Tekba Led Wall Mount T115,Other,50,4237.5,,,,C,
TIGOR WIND VISOR SL GALIO,Car Accessories,5,4237.3,2.0,1425.78,-66.35,C,
Tenda Router AC10 Gigabit 1200MBPS,Networking,2,4237.29,2.0,4067.8,-4.0,C,
INFINITY ALPHA 6530 COAXIAL,Other,2,4237.28,,,,C,
"Alto800 12-18,K-10,14 Wind Visor M",Car Accessories,7,4076.29,2.0,825.0,-79.76,C,
EZVIZ 4MP WIFI P/T Dual Lens Camera,CCTV & Security,1,4067.8,,,,C,
Exotic Slf Matt Pvc Floor VENUE 2025 BK (M),Car Accessories,3,4067.8,24.0,30084.67,639.58,C,
Prama 8CH 2MP NVR Q1,CCTV & Security,1,4067.8,,,,C,
EXOTIC Slf Matt Pvc Floor Carens-22 BK(B),Car Accessories,2,4067.79,7.0,12838.99,215.63,C,
"Pioneer 6"" Speaker 280W",Car Audio,3,4067.79,20.0,27627.14,579.17,C,
Ertiga 2018/XL6 Roof Rail Galio,Other,2,3875.01,1.0,2132.81,-44.96,C,
Venue Wind Visor SL Galio,Car Accessories,5,3855.95,12.0,9393.97,143.62,C,
Nexon Foot Step Galio,Other,10,3855.9,22.0,7802.94,102.36,C,
LED METAL STAND-4,Other,30,3813.6,3.0,5322.04,39.55,C,
Blockbuster 220W LED BULB H4,Other,1,3813.56,24.0,86949.16,2180.0,C,
Blockbuster BBT-220W LED H4,Other,1,3813.56,2.0,7203.39,88.89,C,
Nexon 2023 Roof Rail Galio,Other,2,3779.66,2.0,3058.59,-19.08,C,
ATEK CCTV BNC,CCTV & Security,290,3685.9,5598.0,64954.86,1662.25,C,
EXOTIC slf matt Pvc Floor SIERRA 2025 BLK (M),Car Accessories,3,3644.06,,,,C,
Toreto 65W CTOC Cable Dura A8,Other,22,3627.07,1.0,152.54,-95.79,C,
Grand Vitara Wind Visor SL,Car Accessories,3,3597.46,19.0,20372.36,466.3,C,
PRAMA CAT-6 305MTR WIRE ROLL,CCTV & Security,105,3559.5,1225.0,29327.84,723.93,C,
Steering Wheel Assembly OEM Single B,Other,1,3559.32,,,,C,
Maxxlink MP3 Player BT/FM ML-720,Car Audio,3,3474.57,5.0,5508.45,58.54,C,
Tata Punch EV 2024 Onward Life Long Mate GFX,Car Accessories,2,3437.51,,,,C,
Blockbuster 220W Led Bulb 9012,Other,1,3389.83,2.0,6779.66,100.0,C,
NFS-9005 THEMIS CAR AUTOMOTIVE LED BULB,Other,1,3389.83,,,,C,
Maxxlink R8 Led Bulb H1 180W,Other,1,3389.83,3.0,11525.43,240.0,C,
Portronics Car Power 1C 71W Charger,Other,6,3305.1,18.0,9957.67,201.28,C,
EXOTIC Slf Matt Pvc Floor XUV-300-18 BLK (M),Car Accessories,3,3305.07,17.0,21016.89,535.9,C,
Bolero Neo Life Long Mate GFX,Car Accessories,1,3250.0,1.0,2765.63,-14.9,C,
Golden Bull Spoiler Wagnor 19 Mix/MKT,Other,2,3152.54,13.0,17999.97,470.97,C,
CP PLUS 8+2+2SFP GEPS,CCTV & Security,1,3135.59,,,,C,
Hikvision Biometric Machine DS-K1T8003EF,CCTV & Security,1,3135.59,1.0,3135.59,0.0,C,
"Pioneer 6""X9"" New Spk 650W",Car Audio,1,3050.85,,,,C,
My Tvs Hyper Beam HB3/9005 200W Led Blub,Other,1,3050.85,11.0,33813.58,1008.33,C,
RD FP MS01 BREZZA FOG LAMP,Car Accessories,2,3050.84,11.0,16652.51,445.83,C,
TP-LINK 300MBPS W/L ROUTER,Networking,4,3050.84,38.0,29491.42,866.67,C,
Toreto Braided Cable Aux To Aux Pro 2,Other,20,3050.8,,,,C,
Toreto Braided Cable Edge 3 IPHONE,Other,20,3050.8,,,,C,
EXOTIC Slf matt Pvc Floor XL6-19 BK(B),Car Accessories,2,2966.1,12.0,21227.13,615.66,C,
EXOTIC Slf Matt Pvc Floor Ertiga-18 Beige(B),Car Accessories,2,2966.1,11.0,17542.37,491.43,C,
Exotic Slf Mat Pvc Floor Scorpio N-22 Tan(B),Car Accessories,2,2966.1,5.0,7415.25,150.0,C,
LED KIT 4IN1 HB3/9005 4IN1-9005,Other,1,2966.1,,,,C,
Tekba Iron Sheet Set Top Box Shelf T-105,Other,50,2966.0,,,,C,
Golden Bull Spoiler Swift-18 MIX/MKT,Other,2,2906.26,1.0,1328.13,-54.3,C,
VICTORIS 2025 COMPACT COMBO KIT,Other,2,2881.36,1.0,1440.68,-50.0,C,
EXOTIC Slf Matt Pvc Floor Alto K-10 22 BK(S),Car Accessories,2,2881.36,1.0,1355.93,-52.94,C,
2.4MP C/VU+MIC Bullet Camera CP PLUS,CCTV & Security,2,2881.36,7.0,10084.76,250.0,C,
EXOTIC Slf Matt Pvc Floor Seltos-19 BK(M),Car Accessories,2,2881.36,14.0,17711.82,514.7,C,
Ertiga 2018/XL6 Compact Chrome Kit,Other,1,2796.61,3.0,9250.0,230.76,C,
Ertiga 2018 Wind Visor SL,Car Accessories,3,2796.61,23.0,20374.77,628.55,C,
ERTIGA 2025 COMPACT COMBOKIT GFX,Other,1,2796.61,5.0,11050.85,295.15,C,
Exotic Slf Matt Pvc Floor Swift/Dzire-12 BG (S),Car Accessories,2,2740.68,39.0,49491.65,1705.82,C,
EXOTIC Slf Matt Pvc Floor N-Tiago-2016 BLK (S),Car Accessories,2,2740.68,21.0,26186.47,855.47,C,
VICTORIS 2025 WINDOW GARNISH GALIO,Other,4,2711.87,,,,C,
JIO VEHICLE TRACKER OBD,Other,1,2711.86,5.0,14830.5,446.88,C,
Thar Roxx 2024 Manual Life Long Mate GFX,Car Accessories,1,2699.15,2.0,4685.52,73.59,C,
Scorpio Classic 2022 Life Long Mate GFX,Car Accessories,1,2699.15,2.0,4921.87,82.35,C,
"Ahuja 4"" Ceiling Speaker CS451T",Car Audio,4,2644.08,,,,C,
Lumax Fog Lamp Led EECO W/O Wire Set,Car Accessories,3,2618.64,2.0,1355.94,-48.22,C,
I-10 Nios Combo Kit Galio,Other,1,2578.13,,,,C,
Tata Punch Lower Window Garnish GFX,Other,5,2559.31,24.0,10339.96,304.01,C,
Tekba Iron Sheet Metal Stand-2.9kgs,Other,20,2542.4,3.0,381.36,-85.0,C,
TENDA 4+2 POE SWICTH 10/100,Networking,2,2542.38,51.0,69237.43,2623.33,C,
2.4MP Dome+Mic CP Plus 3.6mm,CCTV & Security,3,2542.38,11.0,8644.06,240.0,C,
VICTORIUS 2025 WIND VISOR GALIO,Car Accessories,3,2542.38,12.0,10245.79,303.0,C,
JOPASU CAR DUSTER,Other,5,2542.35,17.0,7940.61,212.33,C,
Dzire 2024 Oval Rear Guard Galio,Car Accessories,1,2539.06,8.0,13203.11,420.0,C,
Shark Fin With Antina Black Galio,Other,11,2499.98,16.0,3516.92,40.68,C,
Door Guard Black,Car Accessories,37,2491.52,74.0,10324.45,314.38,C,
8port Gigabit Desktop Switch Tenda,Networking,2,2457.62,2.0,2457.62,0.0,C,
Digisol CCTV 3+1 Primium Cable 90MTR,CCTV & Security,180,2440.8,,,,C,
Ertiga 2018 Side Beading Galio,Other,2,2432.2,4.0,6293.84,158.77,C,
AIRODO HANGING PERFUME MIX FLAVOUR,Other,26,2389.94,6.0,355.92,-85.11,C,
Baleno 2022 DICKY TRUNK DOOR GARNISH,Other,4,2386.73,,,,C,
Pioneer 1.5K Front Dash Cam,Car Audio,1,2372.88,1.0,2372.88,0.0,C,
Blue Bird Stabilizer 1KVA-150V,Stabilizers,1,2372.88,5.0,8813.56,271.43,C,
PIONEER VREC-H120SC-D/DASH CAMERA,CCTV & Security,1,2372.88,,,,C,
Toreto 20W 3IN1 DATA CABLE DURA TRIO,Other,11,2313.52,4.0,830.52,-64.1,C,
UNO MATS XUV-3XO MT LLM,Car Accessories,1,2288.14,,,,C,
Venue 2019 Life Long Mate GFX,Car Accessories,1,2288.14,,,,C,
Portronics Decible 23 W/L Speaker,Car Audio,2,2288.14,,,,C,
Tiago 16-20 Life Long Mate GFX,Car Accessories,1,2288.14,4.0,8710.29,280.67,C,
Dzire 2017 Life Long Mate GFX,Car Accessories,1,2288.14,4.0,8593.21,275.55,C,
Exter Life Long Mate GFX,Car Accessories,1,2288.14,1.0,3515.63,53.65,C,
NEXON 2022 LONG LIFE MATE GFX,Car Accessories,1,2288.14,,,,C,
Spoiler Universal Small,Other,3,2288.13,58.0,37056.12,1519.49,C,
Maxxlink ML800 Ampkit (8 Guage),Other,3,2283.05,10.0,6779.7,196.96,C,
Portronics Conch Gama Earphone,Other,10,2203.4,,,,C,
ZDRIVE CAR STEERNG COVER DOUBLE COLOUR,Other,4,2203.39,10.0,5932.2,169.23,C,
TORETO CAR CHARGER TURBO FLOW 65W,Other,5,2203.39,,,,C,
RD GPS BSC W IGN CUT 1yaer Tracker,Other,1,2203.39,3.0,7711.86,250.0,C,
My Tvs H7 Led Bulb 150 Watt,Other,1,2203.39,,,,C,
NEXON 2023 REAR PARCEL TRAY (IMP),Other,2,2203.38,,,,C,
CP PLUS 2MP IP DUAL LIGHT DOME CAMERA,CCTV & Security,2,2203.38,17.0,38135.58,1630.78,C,
Shark Fin With Antina White,Other,10,2203.37,,,,C,
"Innova Hycross Rear Smart 2.5"" Galio",Other,1,2187.5,,,,C,
Hikvision 16CH Power Supply,CCTV & Security,2,2118.64,14.0,14449.15,582.0,C,
EXOTIC Slf Matt Pvc Floor Bolero Neo Beige (B),Car Accessories,1,2118.64,,,,C,
EXOTIC slf matt Pvc Floor INNOVA 07-16 BLK (B),Car Accessories,1,2118.64,,,,C,
KYLAQ 2025 Onward Life Long Mat GFX,Car Accessories,1,2109.38,,,,C,
Brezza Side Beading GFX,Other,1,2109.38,1.0,742.19,-64.81,C,
VICTORIS BLACK REAR GUARD GALIO,Car Accessories,1,2076.27,,,,C,
FRONX SIDE BEADING GFX,Other,1,2033.9,3.0,3466.9,70.46,C,
Bolero Wind Visor GALIO,Car Accessories,2,2033.9,19.0,12301.13,504.81,C,
Brezza 2022 Side Beading GFX,Other,1,2033.9,5.0,5658.24,178.2,C,
2MP Bullet Two Way Audio P/T Camera Hik,CCTV & Security,2,2033.9,5.0,6877.45,238.14,C,
Blockbuster Amplifier Wireing Kit BBT-808,Other,3,1991.53,,,,C,
CP PLUS EZYKAM 4MP WIFI PT CAMERA,CCTV & Security,1,1949.15,8.0,15466.09,693.48,C,
Portronics Vlog Mate 3 W/L MIC,Car Accessories,1,1949.15,1.0,1864.41,-4.35,C,
Portronics Vayu 5.0 Tyre Inflator BLK,Other,1,1949.15,5.0,9957.64,410.87,C,
BOLERO NEO ROOF RAIL GALIO,Other,1,1949.15,8.0,14562.35,647.11,C,
Aura Foot Step Galio,Other,5,1927.95,12.0,4222.0,118.99,C,
Venue 2019 Dicky Trunk Mate GFX,Car Accessories,2,1905.59,1.0,1054.69,-44.65,C,
Innova Hycross Side Moulding GFX,Car Accessories,1,1875.0,,,,C,
Grande Vitara/Hyryder Side Moulding GFX,Car Accessories,1,1875.0,2.0,1875.0,0.0,C,
EXOTIC Slf Matt Pvc Floor MG Hector 5set BLK (B),Car Accessories,1,1864.41,1.0,1355.93,-27.27,C,
Exotic Slf Matt Pvc Flooring Hycross ZX-23 BK (B),Car Accessories,1,1864.41,4.0,8644.07,363.64,C,
Minda Fog Lamp FRNT,Car Accessories,4,1864.4,,,,C,
Nexon 2023 T-2 Full Chrome Side Beading TECHO,Other,2,1847.46,6.0,4932.18,166.97,C,
Baleno Wind Visor SL Galio,Car Accessories,2,1838.98,37.0,28506.07,1450.1,C,
Wagnor-19 Side Beading Sada BlK Galio,Other,4,1830.51,,,,C,
Alto K-10 2022 Life Long Mate GFX,Car Accessories,1,1822.03,1.0,1640.63,-9.96,C,
Grande Vitara Roof Rail Silver Galio,Other,1,1809.32,6.0,10170.47,462.12,C,
VICTORIS 2025 RROF RAIL,Other,1,1805.08,,,,C,
XUV-300 Wind Visor SL Galio,Car Accessories,2,1800.85,7.0,8411.01,367.06,C,
Turtle Wax Hanging Air Freshner,Other,14,1779.68,,,,C,
Baleno 2022 Oval Rear Guard Galio,Car Accessories,1,1779.66,12.0,20963.33,1077.94,C,
5MP C/VU+MIC Dome Camera CP Plus,CCTV & Security,1,1779.66,6.0,9661.0,442.86,C,
Golden Bull Roof Rail ABS BOLERO NEO S/B,Other,1,1779.66,,,,C,
ML 3450 TYRE INFLATOR,Other,1,1779.66,1.0,1483.05,-16.67,C,
EXTER ROOF RAIL GALIO,Other,1,1779.66,1.0,1593.22,-10.48,C,
Wagnor 2019 Oval Rear Guard,Car Accessories,1,1779.66,4.0,6904.79,287.98,C,
Grande Vitara Window Garnish GFX,Other,4,1779.65,2.0,898.44,-49.52,C,
Tiago Wind Visor SL GALIO,Car Accessories,2,1766.95,28.0,15804.1,794.43,C,
ATEK 2U Rack For DVR,CCTV & Security,3,1737.29,17.0,7322.05,321.46,C,
Brezza 2022 Compact Combokit GFX,Other,1,1728.81,7.0,12943.62,648.7,C,
Tata Punch Combo Compact Kit GFX,Other,1,1728.81,9.0,16010.07,826.07,C,
Swift-11-17 Door Visor SL Galio,Car Accessories,2,1711.86,2.0,1414.07,-17.4,C,
My Tvs Damping Sheet DS-01,Other,4,1694.92,,,,C,
Punch Tail Light Garnish Galio,Other,2,1694.92,,,,C,
"Sony XS-FB 102E 4"" Spk. W/O Grill 210W",Car Audio,1,1694.92,3.0,4788.15,182.5,C,
Swift 2018 Wind Visor SL Galio,Car Accessories,2,1694.92,29.0,22930.09,1252.87,C,
Hikvision 128GB Micro Sd Card,CCTV & Security,1,1694.92,98.0,99788.3,5787.49,C,
CP PLUS EZYKAM 3MP STQC WIFI PT CAMERA E31Q,CCTV & Security,1,1694.92,13.0,21779.7,1185.0,C,
Brezza-2022 Window Frame Kit GFX,Other,3,1686.45,14.0,6934.12,311.17,C,
DZIRE 2017 BLACK REAR GUARD GALIO,Car Accessories,1,1652.54,1.0,1949.15,17.95,C,
Ertiga 2018 Rear Guard CNG Galio,Car Accessories,1,1652.54,1.0,1779.66,7.69,C,
XUV 3XO Roof Rail Galio,Other,1,1652.34,,,,C,
Brezza 2022 Black Rear Guard Galio,Car Accessories,1,1640.63,1.0,1640.63,0.0,C,
"Tata Punch Circle Rear Smart Guard 2""",Car Accessories,1,1640.63,,,,C,
EXTER Oval Rear Guard Galio,Car Accessories,1,1640.63,1.0,2539.06,54.76,C,
Ertiga 2018 Window Garnish GFX,Other,2,1635.6,7.0,3657.98,123.65,C,
Aer Twist Mix Flafour,Other,6,1627.14,94.0,25491.86,1466.67,C,
CP PLUS 5MP IP SIL D/L A DOME,CCTV & Security,1,1610.17,,,,C,
ZDRIVE CAR HORN SET,Other,2,1610.16,27.0,21821.91,1255.26,C,
EXTER SPOILER BLACK GALIO,Other,1,1576.27,1.0,1432.2,-9.14,C,
TECHO Number Plate Frame,Other,7,1546.58,10.0,2145.88,38.75,C,
Baleno 2022 Window Frame Kit GFX,Other,2,1525.43,20.0,14241.1,833.58,C,
My Tvs Ampkit (TWK-56 8G) Wiring Kit,Other,2,1525.42,4.0,3050.84,100.0,C,
SW-0191P MM SPEAKER USBFTBT ECHOLITE 191P-4W (FT),Car Audio,1,1525.42,,,,C,
5MP HD D/L Aud Bullet CP Plus,CCTV & Security,1,1525.42,16.0,24194.87,1486.11,C,
CP PLUS 2.4MP HD C/VU AUD BULLET TWO WAY,CCTV & Security,1,1525.42,,,,C,
Toreto Braided Cable Edge 2,Other,10,1525.4,,,,C,
Ertiga 2018 Tail Light Chrome Galio,Other,1,1483.05,1.0,757.03,-48.95,C,
Brezza-2022 Mud Flap TECHO,Other,7,1483.02,31.0,7534.44,408.05,C,
VICTORIS 2025 WINDOW FRAME KIT GFX,Other,2,1474.58,1.0,550.85,-62.64,C,
EXOTIC Slf Matt Pvc Floor Altroz-20 BK(M),Car Accessories,1,1440.68,3.0,4067.79,182.35,C,
Exotic Slf Mate Pvc Floor Punch EV-24 BK (M),Car Accessories,1,1440.68,5.0,5508.45,282.35,C,
CP PLUS Micro Sd Card 128GB,CCTV & Security,1,1440.68,4.0,3305.08,129.41,C,
CP PLUS EZYKAM STQC 2MP WIFI PT CAMERA,CCTV & Security,1,1440.68,15.0,21610.2,1400.0,C,
EXOTIC Slf Pvc Matt Alto-800-19 BK(S),Car Accessories,1,1440.68,,,,C,
5MP BULLET+AUDIO CAMERA CP PLUS,CCTV & Security,1,1440.68,1.0,1483.05,2.94,C,
EXOTIC Slf Matt Pvc Floor EXTER-2023 BLK (M),Car Accessories,1,1440.68,1.0,1355.93,-5.88,C,
EXOTIC Slf Matt Pvc Floor Magnite/Kiger-21 BK(M),Car Accessories,1,1440.68,3.0,3559.31,147.06,C,
Venue Side Beading Chrome GFX,Other,1,1432.2,3.0,3898.31,172.19,C,
VENUE 2025 SIDE BEADING,Other,1,1432.2,,,,C,
Alto K-10 2022 WIND VISOR SL Galio,Car Accessories,2,1427.96,28.0,198094.72,13772.57,C,
Wagnor-2019 Mud Flap TECHO,Other,5,1415.26,11.0,2869.3,102.74,C,
EXOTIC slf matt Pvc Floor Venue BK(M),Car Accessories,1,1400.0,18.0,22881.3,1534.38,C,
RJ 45 Connector D-Link,Other,327,1386.48,2733.0,12139.52,775.56,C,
Nexon Rear Parcel Tray GFX,Other,1,1377.12,5.0,5477.11,297.72,C,
FRONX Trunk Door Garnish GFX,Other,2,1367.18,10.0,4445.3,225.14,C,
Exotic Slf Matt Pvc Floor Curvv Mt-24 BLK (M),Car Accessories,1,1355.93,2.0,2711.86,100.0,C,
Grand Vitara Mud Flap TECHO,Other,4,1354.23,28.0,8001.45,490.85,C,
"Pioneer 4"" Speaker 210W/190W",Car Audio,1,1313.56,15.0,18008.47,1270.97,C,
Portronics Luxcell Mini 20K Power Bank,Other,1,1313.56,1.0,1355.93,3.23,C,
Mastech Digital Clamp Meter,Other,2,1300.0,7.0,4950.0,280.77,C,
TP-LINK POE SWITCH 6 PORT 10/100 MBPS,Networking,1,1271.19,8.0,10169.52,700.0,C,
Grande Vitara Trunk Dicky Mate GFX,Car Accessories,1,1271.19,3.0,3253.45,155.94,C,
RD Camera Normal 18MM Circle,CCTV & Security,2,1271.19,36.0,21355.92,1579.99,C,
Hikvision 8CH Power Supply,CCTV & Security,2,1271.18,40.0,25169.38,1880.0,C,
Aurite Bumper Protector Uni,Other,5,1228.8,30.0,7274.44,492.0,C,
Baleno 2022 Side Beading Chrome GFX,Other,1,1220.34,4.0,4617.19,278.35,C,
A-Star Tail Light Chrome Galio,Other,2,1218.76,,,,C,
CRYSTA WIND VISOR GFX,Car Accessories,1,1194.92,,,,C,
XUV-300 REAR PARCEL TRAY GFX,Other,1,1191.41,,,,C,
SELTOS 2026 TRUCK MAT ONWARDS GFX,Car Accessories,1,1186.44,,,,C,
Ertiga /GV Side Beading Galio,Other,1,1171.88,,,,C,
CP PLUS 2MP IP DUAL LIGHT BULLET CAMERA,CCTV & Security,1,1144.07,24.0,54194.87,4637.02,C,
T-6 DELTA TOWEL COVER MIX COLOUR,Other,1,1142.86,2.0,1476.19,29.17,C,
AERO ASSORTED P03 GODREJ,Other,13,1127.13,340.0,28442.5,2423.44,C,
Toreto Turbo Light 145W Charger,Other,2,1101.7,80.0,41813.33,3695.35,C,
LENOVO CLAMP FITTING CAMERA AHD,CCTV & Security,1,1101.69,,,,C,
HYP-2092 FM BT PLAYER,Car Audio,1,1101.69,,,,C,
LENOVO N/P DOME CAMERA AHD,CCTV & Security,1,1101.69,1.0,1525.42,38.46,C,
CURVE EV Trunk Mat GFX,Car Accessories,1,1093.75,,,,C,
Lumax Fog Lamp EECO W/O Wire Set,Car Accessories,2,1084.74,,,,C,
ZDRIVE CAR STEERING COVER BMW,Other,2,1059.32,3.0,1737.29,64.0,C,
Door Guard Flexe,Car Accessories,13,1025.44,25.0,2424.62,136.45,C,
VENUE 2025 ONW REAR PARCEL TRAY (IMP),Other,1,1016.95,,,,C,
Sonet Full Chrome Side Beading TECHO,Other,1,1016.95,1.0,1016.95,0.0,C,
RD Dome Normal Camera AHD N/P,CCTV & Security,1,1016.95,2.0,1652.54,62.5,C,
PORTRONICS MUFFS M6 BT HEADPHONE,Other,1,1016.95,1.0,1101.69,8.33,C,
FRONX REAR PARCEL TRAY GFX,Other,1,1016.95,2.0,2542.38,150.0,C,
Logitech W/L Mouse M170,Other,2,1016.94,40.0,19703.25,1837.5,C,
ATEK DC PIN,Other,120,1016.4,1953.0,16537.68,1527.08,C,
EXTER Window Frame Kit GFX,Other,1,974.58,4.0,2246.1,130.47,C,
Grand Vitara Blk With Chrome Side Beading Techo,Other,1,974.58,1.0,1218.75,25.05,C,
Aura Side Beading Chrome Falcon,Other,1,974.58,3.0,3559.33,265.22,C,
TI-5 Wet & Dry Vacuum Cleaner for Car,Other,1,974.58,9.0,8474.56,769.56,C,
Sonet Side Beading GFX,Other,1,974.58,2.0,2250.0,130.87,C,
Kia Carens 2022 Wind Visor SL,Car Accessories,1,949.15,16.0,20593.19,2069.65,C,
T-1 DELTA TOWEL/MIX,Other,1,933.33,,,,C,
RD Dome Moveing Line Camera AHD N/P,CCTV & Security,1,932.2,,,,C,
Tata Harrier Door Visor Safari-21,Car Accessories,1,932.2,,,,C,
Blockbuster DS 2.0 SOUND DAMPING SHEET,Other,2,932.2,23.0,10296.6,1004.55,C,
VICTORIUS 2025 DOOR VISOR SL GFX,Car Accessories,1,923.73,,,,C,
PERFUME INVOLVE ONYX,Other,3,915.24,,,,C,
Ertiga 2018 Door Visor SL Techo,Car Accessories,1,914.06,2.0,1644.53,79.91,C,
TECHO SIDE BEADING DZIRE 2024 BLK WITH CRM,Other,1,906.78,1.0,906.78,0.0,C,
T-2 DELTA TOWEL/MIX,Other,1,904.76,,,,C,
I-10 Grande Nios Head Light Cover,Other,1,898.44,,,,C,
CIAZ WIND VISOR SL GALIO,Car Accessories,1,889.83,7.0,5825.0,554.62,C,
Magnite Door Visor SL Galio,Car Accessories,1,889.83,7.0,6328.11,611.16,C,
Innova Hycross Wind Visor SL,Car Accessories,1,889.83,,,,C,
AHUJA 59XLR MICROPHONE,Other,1,889.83,,,,C,
TECHO PUNCH WIND VISOR SL,Car Accessories,1,889.83,1.0,722.54,-18.8,C,
Creta 2015 to 2018 Wind Visor SL Galio,Car Accessories,1,889.83,21.0,18164.17,1941.31,C,
TECHO Thar Roxx Door Visor SL,Car Accessories,1,886.72,,,,C,
Seltos Wind Visor SL,Car Accessories,1,881.36,5.0,4377.46,396.67,C,
CAT-6 INDOOR COPPER 305M BOX EON,Networking,25,847.5,,,,C,
Creta 2020 Wind Visor SL Galio,Car Accessories,1,847.46,32.0,24535.32,2795.16,C,
Altroz Silver Line Door Visor (12) Galio,Car Accessories,1,847.46,10.0,8014.46,845.7,C,
3M CREAM WAX 220g,Other,2,847.46,38.0,16101.74,1800.0,C,
TECHO Tata Punch Side Beading Full Chrome,Other,1,847.46,2.0,1486.62,75.42,C,
Brezza 2022 Door Visor SL GFX,Car Accessories,1,847.46,,,,C,
2.4MP HD IR Bullet Camera CP Plus 3.6mm,CCTV & Security,1,847.46,12.0,10211.86,1105.0,C,
I-10 Grand Nios-19 Door Visor SL,Car Accessories,1,843.75,12.0,8847.68,948.61,C,
Prevento Micro Fiber Cloth (40X40 1200GSM 1PCS),Other,4,839.28,50.0,11160.5,1229.77,C,
Exter Wind Visor SL Galio,Car Accessories,1,830.51,5.0,4003.71,382.08,C,
EECO Wind Visor SL Galio,Car Accessories,1,830.51,,,,C,
Kia Carens Side Beading GFX,Other,1,804.69,,,,C,
Portronics Clamp M Mobile Holder,Other,3,796.62,67.0,17898.52,2146.81,C,
Dzire 2017 Wind Visor SL,Car Accessories,1,788.14,13.0,13886.78,1661.97,C,
Dzire 2024 Wind Visor SL,Car Accessories,1,788.14,9.0,6210.22,687.96,C,
Brezza Full Chrome Side Beading Techo,Other,1,788.14,,,,C,
Swift 12 to 16 Head Light Crm,Other,1,773.44,,,,C,
Wagnor 2019 Foot Step Galio,Other,2,766.95,,,,C,
Tata Punch Door Sill,Other,2,766.95,3.0,910.88,18.77,C,
Nexon 2023 Side Beading GFX,Other,1,765.63,2.0,1695.31,121.43,C,
Baleno 2022 Foot Step Galio,Other,2,762.72,28.0,10175.34,1234.09,C,
Venue 2019 Wind Visor SL GFX,Car Accessories,1,762.71,1.0,826.27,8.33,C,
Ertiga 2025 Window Frame KIT GFX,Other,1,762.71,17.0,8881.4,1064.45,C,
Portronics Slide Mate 2 W/L Presenter White,Car Accessories,1,762.71,,,,C,
Tenda 5-Port Gigabit Destop Switch,Networking,1,762.71,1.0,847.46,11.11,C,
TECHO SIDE BEADING BALENO 2022 BLACK WITH CHR,Other,1,728.81,,,,C,
SELTOS 2026 WINDOW GARNISH GFX,Other,1,720.34,,,,C,
Beetel Caller ID Telephone C-51Plus,Other,1,720.34,8.0,5728.81,695.29,C,
Baleno 2022 Mud Flap TECHO,Other,3,711.87,30.0,6956.56,877.22,C,
Tata Punch Mud Flap TECHO,Other,3,711.86,11.0,2613.59,267.15,C,
Scorpio Wind Visor Galio,Car Accessories,1,711.86,1.0,609.38,-14.4,C,
Nexon 2020 Mud Flape TECHO,Other,3,695.31,1.0,234.38,-66.29,C,
TVS RC-72 AHD Reverse Camera,CCTV & Security,1,677.97,7.0,3771.19,456.25,C,
ZDRIVE CAR REARVIEW CAMERA 720P AHD/CVBS DOME,CCTV & Security,1,677.97,,,,C,
Block Buster 1080P AHD Camera F&R,CCTV & Security,1,677.97,1.0,1016.95,50.0,C,
Nexon 2023 Mud Flap TECHO,Other,3,677.96,35.0,8535.22,1158.96,C,
"Prevento Micro Fiber Cloth (30X60,400GSM, 1PCS)",Other,5,669.65,28.0,3660.76,446.67,C,
Dzire 2024 Mud Flap Techo,Other,3,652.53,37.0,8557.68,1211.46,C,
EECO WIND VISOR 10-17 (IM) Galio,Car Accessories,1,635.59,28.0,16679.73,2524.29,C,
D-Link 08Port 10/100 Desktop Switch,Networking,1,635.59,1.0,1313.56,106.67,C,
HIKVISION 64GB 3.0 PENDRIVE PLASTIC,CCTV & Security,1,635.59,67.0,30660.9,4724.01,C,
HIKVISION 32GB Pendrive Metal,CCTV & Security,1,635.59,1.0,526.27,-17.2,C,
Fronx Mud Flap TECHO,Other,3,635.58,46.0,11714.38,1743.1,C,
Swift 2018 Tail Light Chrome Galio,Other,1,632.81,1.0,585.94,-7.41,C,
Brezza 2022 Window Garnish Galio,Other,1,625.0,6.0,3437.5,450.0,C,
Sonet Head Light Chrome Galio,Other,1,614.41,,,,C,
Ertiga 2018 Window Frame Kit,Other,1,609.38,14.0,10275.83,1586.28,C,
Kia Carens Lower Garnish Galio,Other,1,609.38,2.0,1375.01,125.64,C,
TECHO Ciaz Side Beading BLK WITH CHROME,Other,1,593.22,,,,C,
TORETO 90W CHARGER,Other,1,593.22,,,,C,
VISTA Vinyl & Leather Shine 110ML,Other,5,593.2,1.0,118.64,-80.0,C,
Alto K-10 2022 Tail Light Galio,Other,1,585.94,,,,C,
Ertia 2018 Dicky Beading TECHO,Other,1,585.94,,,,C,
SELTOS HEAD LIGHT GALIO,Other,1,566.41,,,,C,
Swift 2018 Dicky Beading GFX,Other,1,558.59,,,,C,
Aura Window Garnish Galio,Other,1,550.85,3.0,1380.84,150.67,C,
TECHO Swift T3 (11-17) with Flexi Side Beading,Other,1,550.85,,,,C,
Baleno/Ignis Handle Crm S/Cut Galio,Other,1,550.85,26.0,11764.82,2035.76,C,
3M FOAM Cleaner Spray,Other,1,508.47,,,,C,
Brezza 16-19 Window Freme Kit,Other,1,507.81,,,,C,
Swift-11-17/dzire-12-16/brezza-16-19/ertiga-12-17,Other,1,507.81,,,,C,
Ertiga T-2 2018 Mudflape,Other,2,504.24,32.0,8233.69,1532.89,C,
Swift 2011 Side Beading Matt Blk,Car Accessories,1,495.76,5.0,2343.75,,C,
BBT-385 CAR CHARGER WITH 3+1 USB CABLE,Other,1,491.53,1.0,576.27,,C,
Car Number Palte Frame GFX,Other,2,487.28,23.0,2509.45,,C,
Wagnor 2019 Window Garnish GFX,Other,1,483.05,7.0,3101.67,,C,
TORETO W/L SPK WAVE MINI,Other,1,474.58,,,,C,
CULT GRIP STEERING COVER,Other,1,468.75,,,,C,
3M AS SHAMPOO 250ML,Other,2,466.1,27.0,5949.18,,C,
XUV-300 Window Frame Kit,Other,1,466.1,,,,C,
Beetel Telephone BLK C-11,Other,1,466.1,154.0,96450.73,,C,
Swift 2011 Window Garnish Kit GFX,Other,1,457.63,,,,C,
Brezza 2022 Fog Lamp Show Galio,Car Accessories,1,444.92,18.0,6924.28,,C,
Swift 2024 Mud Flap Techo,Other,2,440.67,28.0,5883.95,,C,
Tiago 2020 Mud Flap TECHO,Other,2,440.67,12.0,2729.51,,C,
Dzire 2024 Window Garnish GFX,Other,1,432.2,16.0,7253.43,,C,
Toreto Car Charger Turbo T-C Cable 20W,Other,1,423.73,,,,C,
Swift 2018 Door Catch Cover,Other,1,421.88,10.0,4062.5,,C,
Microfiber Cloth Hals Blue 5%,Other,4,400.01,,,,C,
EECO REAR ONLY Mud Flap Techo,Other,2,390.23,17.0,3492.23,,C,
VICTORIS DOOR SILL GUARD GALIO,Car Accessories,1,385.59,4.0,1322.02,,C,
Fronx Foor Step Sill,Other,1,381.36,3.0,1114.28,,C,
Kia Carens Foot Step,Other,1,381.36,,,,C,
PRIMER PROMOTER GALIO,Other,5,381.35,63.0,5262.69,,C,
VICTORIS MUD FLAP TECHO,Other,1,355.93,1.0,381.36,,C,
XUV-300 Foot Step Galio,Other,1,351.56,,,,C,
Seltos Foot Step,Other,1,351.56,,,,C,
VENUE 2025 MIRROR SASH GFX,Other,1,338.98,1.0,338.98,,C,
Panasonic Cell R03USDG (AAA) 10/-,Other,40,322.0,4.0,33.88,,C,
Digimro BNC Connector with Out Cable,Other,25,317.75,12056.0,141867.22,,C,
PERFUME AUTO MATE,Car Accessories,1,305.08,43.0,7555.12,,C,
Venue 2025 Mud Flap (IMP),Other,1,296.61,1.0,288.14,,C,
MY TVS MICROFIBER CLOTH TMC-31,Other,2,285.72,,,,C,
3M CAR LIQUED WAX 200ML,Other,1,279.66,22.0,6144.05,,C,
3M AS DASH BOARD DRESSER 250ml,Other,1,271.19,24.0,6508.56,,C,
3M Tyre DRESSER 250ML,Other,1,271.19,8.0,2177.98,,C,
RD HARD WIRE,Other,1,254.24,14.0,4894.1,,C,
Logitech USB Mouse M90,Other,1,254.24,49.0,22975.08,,C,
Air Pro Grandeur MiX Flavour,Other,1,254.24,4.0,1016.96,,C,
TORETO CAR MOBILE HOLDER GRIP VALOR,Other,1,254.24,,,,C,
Innova/fourtuner Uni Bumper Protector,Other,1,245.76,2.0,546.88,,C,
Grand Vitara Sleek Door Handle Crm GFX,Other,1,220.34,4.0,884.53,,C,
XUV-300 Mud Flap TECHO,Other,1,218.75,1.0,246.09,,C,
Alto K-10 2022 T-3 Mud Flap TECHO,Other,1,211.86,3.0,619.03,,C,
SIERRA 2025 LIFE LONG MATE GFX,Car Accessories,1,210.96,,,,C,
3M AS GLASS CLEANER 250ML,Other,1,194.92,35.0,6932.32,,C,
Air Pro Hanging Air Freshner Essentials,Other,2,169.5,37.0,3135.75,,C,
"My Tvs Crytal Wiper Blade 21""",Other,1,169.49,,,,C,
Magsol Rat Repellent 100ML,Other,1,169.49,2.0,381.36,,C,
Toreto Power Adaptor with Micro Cable VELO 1,Other,1,169.49,4.0,677.96,,C,
Blaupunkt Gel Perfume (Mix Flavour),Other,1,152.54,11.0,2796.64,,C,
"Lumax Standar Wiper Blade 17""",Other,1,148.31,,,,C,
Microfiber Cleaning Cloth,Other,1,144.07,3.0,449.15,,C,
PVC CLAMPS 12MM,Other,2,135.6,1.0,84.75,,C,
Wesaf Dash Board Polish 125 GM,Other,1,118.64,,,,C,
Portronics Toad 26 USB MOUSE,Other,1,110.17,,,,C,
Glass Cleaner 250ML HB,Other,1,84.75,,,,C,
Blaupunkt Microfiber Clean X850,Other,1,84.75,,,,C,
Aer O Car Hanging Perfume Mic Flavour,Other,1,76.27,51.0,3864.35,,C,
PVC CLAMPS 7MM,Other,2,50.84,16.0,499.95,,C,
Push Pull Long Stem Switch,Networking,1,42.37,17.0,762.67,,C,
Wind Screen Washer Fluid,Other,1,16.95,10.0,169.5,,C,
HYP-IBIZA,Other,100,1.5,100.0,1.5,,C,
